URL,Group
https://example.com/page0,Control
https://example.com/page1,Test
https://example.com/page10,Control
https://example.com/page11,Test
https://example.com/page12,Control
https://example.com/page13,Test
https://example.com/page14,Control
https://example.com/page15,Control
https://example.com/page16,Test
https://example.com/page17,Control
https://example.com/page18,Test
https://example.com/page19,Test
https://example.com/page2,Test
https://example.com/page20,Control
https://example.com/page21,Test
https://example.com/page22,Test
https://example.com/page23,Test
https://example.com/page24,Test
https://example.com/page25,Control
https://example.com/page26,Control
https://example.com/page27,Control
https://example.com/page28,Test
https://example.com/page29,Test
https://example.com/page3,Control
https://example.com/page30,Test
https://example.com/page31,Test
https://example.com/page32,Test
https://example.com/page33,Control
https://example.com/page34,Test
https://example.com/page35,Test
https://example.com/page36,Test
https://example.com/page37,Control
https://example.com/page38,Test
https://example.com/page39,Control
https://example.com/page4,Test
https://example.com/page40,Control
https://example.com/page41,Test
https://example.com/page42,Control
https://example.com/page43,Control
https://example.com/page44,Test
https://example.com/page45,Control
https://example.com/page46,Control
https://example.com/page47,Control
https://example.com/page48,Test
https://example.com/page49,Test
https://example.com/page5,Test
https://example.com/page50,Control
https://example.com/page51,Test
https://example.com/page52,Control
https://example.com/page53,Test
https://example.com/page54,Test
https://example.com/page55,Test
https://example.com/page56,Control
https://example.com/page57,Test
https://example.com/page58,Control
https://example.com/page59,Test
https://example.com/page6,Control
https://example.com/page60,Test
https://example.com/page61,Control
https://example.com/page62,Test
https://example.com/page63,Control
https://example.com/page64,Control
https://example.com/page65,Control
https://example.com/page66,Control
https://example.com/page67,Test
https://example.com/page68,Control
https://example.com/page69,Control
https://example.com/page7,Control
https://example.com/page70,Test
https://example.com/page71,Test
https://example.com/page72,Test
https://example.com/page73,Test
https://example.com/page74,Test
https://example.com/page75,Test
https://example.com/page76,Test
https://example.com/page77,Test
https://example.com/page78,Control
https://example.com/page79,Control
https://example.com/page8,Control
https://example.com/page80,Control
https://example.com/page81,Control
https://example.com/page82,Control
https://example.com/page83,Control
https://example.com/page84,Control
https://example.com/page85,Control
https://example.com/page86,Control
https://example.com/page87,Control
https://example.com/page88,Control
https://example.com/page89,Test
https://example.com/page9,Control
https://example.com/page90,Test
https://example.com/page91,Control
https://example.com/page92,Test
https://example.com/page93,Control
https://example.com/page94,Test
https://example.com/page95,Test
https://example.com/page96,Control
https://example.com/page97,Control
https://example.com/page98,Test
https://example.com/page99,Test
